index,category,stat,itt_noctrl,itt_wctrl,itt_noctrl_p0,itt_wctrl_p0,epan_ipw_p0,itt_noctrl_p1,itt_wctrl_p1,epan_ipw_p1
0,\% of Pos. TE ($H_0$: $\le$ 50\%),point,82.5688073394,73.1481481481,77.5700934579,78.0952380952,78.5046728972,81.6513761468,68.5185185185,78.8990825688
1,\% of Pos. TE ($H_0$: $\le$ 50\%),pval,0.0,0.0,0.0,0.0,0.0,0.0,0.002997002997,0.0
2,\% of Pos. TE ($H_0$: $\le$ 50\%),se,5.95144616782,6.99911684708,5.41133485677,5.11748053459,5.57483337156,7.33836896048,7.69320358254,7.2665193449
3,\% of Pos. TE ($H_0$: $\le$ 10\% $|$ 10\% Significance),point,50.4587155963,31.4814814815,50.4672897196,47.619047619,53.2710280374,38.5321100917,19.4444444444,29.3577981651
4,\% of Pos. TE ($H_0$: $\le$ 10\% $|$ 10\% Significance),pval,0.0,0.0,0.0,0.0,0.0,0.0,0.0659340659341,0.003996003996
5,\% of Pos. TE ($H_0$: $\le$ 10\% $|$ 10\% Significance),se,8.47895691157,6.97572759642,7.7977018281,6.42266727818,6.85450651839,8.25905733051,5.71883503483,7.64263347912
