index,category,stat,itt_noctrl,itt_wctrl,itt_noctrl_p0,itt_wctrl_p0,epan_ipw_p0,itt_noctrl_p1,itt_wctrl_p1,epan_ipw_p1
0,\% of Pos. TE ($H_0$: $\le$ 50\%),point,71.5596330275,69.4444444444,53.2110091743,60.5504587156,48.623853211,75.0,72.4770642202,76.1467889908
1,\% of Pos. TE ($H_0$: $\le$ 50\%),pval,0.000999000999001,0.001998001998,0.352647352647,0.0529470529471,0.574425574426,0.0,0.0,0.0
2,\% of Pos. TE ($H_0$: $\le$ 50\%),se,8.4184886717,7.32939107918,7.94536523064,7.30384519203,8.10848103658,9.01917017543,7.44810465835,8.30274916183
3,\% of Pos. TE ($H_0$: $\le$ 10\% $|$ 10\% Significance),point,29.3577981651,27.7777777778,18.3486238532,16.5137614679,15.5963302752,29.6296296296,26.6055045872,28.4403669725
4,\% of Pos. TE ($H_0$: $\le$ 10\% $|$ 10\% Significance),pval,0.00699300699301,0.001998001998,0.110889110889,0.158841158841,0.15984015984,0.002997002997,0.002997002997,0.010989010989
5,\% of Pos. TE ($H_0$: $\le$ 10\% $|$ 10\% Significance),se,6.8325565155,5.84201259641,6.35117122715,6.44023548714,5.37953750959,7.17903841889,5.70370700817,7.28804144574
