index,category,stat,itt_noctrl,itt_wctrl,itt_noctrl_p0,itt_wctrl_p0,epan_ipw_p0,itt_noctrl_p1,itt_wctrl_p1,epan_ipw_p1
0,\% of Pos. TE ($H_0$: $\le$ 50\%),point,67.1309192201,68.3473389356,69.6883852691,71.50997151,70.9401709402,61.8644067797,60.9065155807,62.6062322946
1,\% of Pos. TE ($H_0$: $\le$ 50\%),pval,0.0,0.0,0.0,0.0,0.0,0.0131578947368,0.0,0.0
2,\% of Pos. TE ($H_0$: $\le$ 50\%),se,5.16687186806,5.26151729963,5.52130724776,4.08941764545,4.787476395,6.12166451829,6.02738897228,4.93346192375
3,\% of Pos. TE ($H_0$: $\le$ 10\% $|$ 10\% Significance),point,31.1977715877,24.9299719888,30.8781869688,25.0712250712,33.3333333333,23.4463276836,18.1303116147,26.3456090652
4,\% of Pos. TE ($H_0$: $\le$ 10\% $|$ 10\% Significance),pval,0.0,0.0,0.0,0.0,0.0,0.0,0.0526315789474,0.0
5,\% of Pos. TE ($H_0$: $\le$ 10\% $|$ 10\% Significance),se,5.44171855849,4.77570312163,5.13467610411,3.8985756202,5.01831258995,5.29876420162,4.61981488542,4.9469103408
